-- phpMyAdmin SQL Dump
-- version 5.2.0
-- https://www.phpmyadmin.net/
--
-- Host: 127.0.0.1
-- Generation Time: Feb 03, 2023 at 01:49 PM
-- Server version: 10.4.27-MariaDB
-- PHP Version: 8.1.12

SET SQL_MODE = "NO_AUTO_VALUE_ON_ZERO";
START TRANSACTION;
SET time_zone = "+00:00";


/*!40101 SET @OLD_CHARACTER_SET_CLIENT=@@CHARACTER_SET_CLIENT */;
/*!40101 SET @OLD_CHARACTER_SET_RESULTS=@@CHARACTER_SET_RESULTS */;
/*!40101 SET @OLD_COLLATION_CONNECTION=@@COLLATION_CONNECTION */;
/*!40101 SET NAMES utf8mb4 */;

--
-- Database: `my-wash`
--

-- --------------------------------------------------------

--
-- Table structure for table `admin`
--

CREATE TABLE `admin` (
  `id` int(11) NOT NULL,
  `name` varchar(50) NOT NULL,
  `username` varchar(50) NOT NULL,
  `password` varchar(255) NOT NULL
) ENGINE=InnoDB DEFAULT CHARSET=utf8mb4 COLLATE=utf8mb4_general_ci;

--
-- Dumping data for table `admin`
--

INSERT INTO `admin` (`id`, `name`, `username`, `password`) VALUES
(1, 'Admin', 'admin', '21232f297a57a5a743894a0e4a801fc3'),
(2, 'Admin 2', 'admin2', '21232f297a57a5a743894a0e4a801fc3'),
(3, 'Laundry Ki Loan', 'zamzamubaidilah', '202cb962ac59075b964b07152d234b70'),
(7, 'Nama Admin', 'admin3', '21232f297a57a5a743894a0e4a801fc3');

-- --------------------------------------------------------

--
-- Table structure for table `customer`
--

CREATE TABLE `customer` (
  `id` int(11) NOT NULL,
  `admin_id` int(11) NOT NULL,
  `name` varchar(50) NOT NULL,
  `phone_number` varchar(15) NOT NULL,
  `address` varchar(255) DEFAULT NULL
) ENGINE=InnoDB DEFAULT CHARSET=utf8mb4 COLLATE=utf8mb4_general_ci;

--
-- Dumping data for table `customer`
--

INSERT INTO `customer` (`id`, `admin_id`, `name`, `phone_number`, `address`) VALUES
(4, 1, '1231', '123123', '123'),
(5, 1, '321', '321', '321'),
(6, 1, 'Zamzam Ubaidilah', '083844015132', 'Jalan Sirsak');

-- --------------------------------------------------------

--
-- Table structure for table `laundry`
--

CREATE TABLE `laundry` (
  `id` int(11) NOT NULL,
  `admin_id` int(11) NOT NULL,
  `name` varchar(100) NOT NULL,
  `price` float NOT NULL,
  `type` enum('KILOAN','SATUAN') NOT NULL
) ENGINE=InnoDB DEFAULT CHARSET=utf8mb4 COLLATE=utf8mb4_general_ci;

--
-- Dumping data for table `laundry`
--

INSERT INTO `laundry` (`id`, `admin_id`, `name`, `price`, `type`) VALUES
(1, 1, 'Kaos', 10000, 'KILOAN'),
(5, 1, 'Celana', 15000, 'KILOAN'),
(23, 1, 'Jaket', 30000, 'SATUAN');

-- --------------------------------------------------------

--
-- Table structure for table `service`
--

CREATE TABLE `service` (
  `id` int(11) NOT NULL,
  `admin_id` int(11) NOT NULL,
  `name` varchar(100) NOT NULL,
  `price` float NOT NULL,
  `estimate` double NOT NULL
) ENGINE=InnoDB DEFAULT CHARSET=utf8mb4 COLLATE=utf8mb4_general_ci;

--
-- Dumping data for table `service`
--

INSERT INTO `service` (`id`, `admin_id`, `name`, `price`, `estimate`) VALUES
(1, 1, 'Express', 5000, 12),
(3, 1, 'Regular', 0, 48);

-- --------------------------------------------------------

--
-- Table structure for table `transaction`
--

CREATE TABLE `transaction` (
  `id` int(11) NOT NULL,
  `no_kwitansi` varchar(50) NOT NULL,
  `admin_id` int(11) NOT NULL,
  `customer_id` int(11) NOT NULL,
  `created_at` timestamp NOT NULL DEFAULT current_timestamp(),
  `status` enum('PROCCESS','DONE') NOT NULL DEFAULT 'PROCCESS',
  `update_at` timestamp NOT NULL DEFAULT current_timestamp() ON UPDATE current_timestamp(),
  `service` int(11) NOT NULL
) ENGINE=InnoDB DEFAULT CHARSET=utf8mb4 COLLATE=utf8mb4_general_ci;

--
-- Dumping data for table `transaction`
--

INSERT INTO `transaction` (`id`, `no_kwitansi`, `admin_id`, `customer_id`, `created_at`, `status`, `update_at`, `service`) VALUES
(1, 'MYW-O9CilIqu5A', 1, 0, '2023-02-02 20:09:07', 'DONE', '2023-02-02 23:26:52', 3),
(25, 'MYW-YKxZMzDiLp', 1, 6, '2023-02-02 22:06:17', 'PROCCESS', '2023-02-02 22:06:17', 1),
(27, 'MYW-NpANkfMgTW', 1, 6, '2023-02-02 22:11:53', 'PROCCESS', '2023-02-02 22:11:53', 1),
(28, 'MYW-Yv483OT25o', 1, 6, '2023-02-02 22:12:13', 'PROCCESS', '2023-02-02 22:12:13', 1),
(29, 'MYW-ffDgEFnTpy', 1, 6, '2023-02-02 22:27:27', 'PROCCESS', '2023-02-02 22:27:27', 1),
(30, 'MYW-FJ20230202223533', 1, 6, '2023-02-02 22:53:33', 'PROCCESS', '2023-02-02 22:53:33', 3);

-- --------------------------------------------------------

--
-- Table structure for table `transaction_detail`
--

CREATE TABLE `transaction_detail` (
  `id` int(11) NOT NULL,
  `transaction_id` int(11) NOT NULL,
  `laundry_id` int(11) NOT NULL,
  `price` float NOT NULL,
  `qty` int(11) NOT NULL
) ENGINE=InnoDB DEFAULT CHARSET=utf8mb4 COLLATE=utf8mb4_general_ci;

--
-- Dumping data for table `transaction_detail`
--

INSERT INTO `transaction_detail` (`id`, `transaction_id`, `laundry_id`, `price`, `qty`) VALUES
(1, 9, 23, 0, 1),
(2, 27, 23, 0, 1),
(3, 28, 23, 30000, 1),
(4, 28, 5, 15000, 1),
(5, 29, 23, 30000, 1),
(6, 29, 5, 15000, 2),
(7, 29, 1, 10000, 1),
(8, 30, 23, 30000, 1),
(9, 30, 5, 15000, 1);

--
-- Indexes for dumped tables
--

--
-- Indexes for table `admin`
--
ALTER TABLE `admin`
  ADD PRIMARY KEY (`id`),
  ADD UNIQUE KEY `username` (`username`);

--
-- Indexes for table `customer`
--
ALTER TABLE `customer`
  ADD PRIMARY KEY (`id`);

--
-- Indexes for table `laundry`
--
ALTER TABLE `laundry`
  ADD PRIMARY KEY (`id`);

--
-- Indexes for table `service`
--
ALTER TABLE `service`
  ADD PRIMARY KEY (`id`);

--
-- Indexes for table `transaction`
--
ALTER TABLE `transaction`
  ADD PRIMARY KEY (`id`),
  ADD UNIQUE KEY `no_kwitansi` (`no_kwitansi`);

--
-- Indexes for table `transaction_detail`
--
ALTER TABLE `transaction_detail`
  ADD PRIMARY KEY (`id`);

--
-- AUTO_INCREMENT for dumped tables
--

--
-- AUTO_INCREMENT for table `admin`
--
ALTER TABLE `admin`
  MODIFY `id` int(11) NOT NULL AUTO_INCREMENT, AUTO_INCREMENT=8;

--
-- AUTO_INCREMENT for table `customer`
--
ALTER TABLE `customer`
  MODIFY `id` int(11) NOT NULL AUTO_INCREMENT, AUTO_INCREMENT=7;

--
-- AUTO_INCREMENT for table `laundry`
--
ALTER TABLE `laundry`
  MODIFY `id` int(11) NOT NULL AUTO_INCREMENT, AUTO_INCREMENT=25;

--
-- AUTO_INCREMENT for table `service`
--
ALTER TABLE `service`
  MODIFY `id` int(11) NOT NULL AUTO_INCREMENT, AUTO_INCREMENT=4;

--
-- AUTO_INCREMENT for table `transaction`
--
ALTER TABLE `transaction`
  MODIFY `id` int(11) NOT NULL AUTO_INCREMENT, AUTO_INCREMENT=31;

--
-- AUTO_INCREMENT for table `transaction_detail`
--
ALTER TABLE `transaction_detail`
  MODIFY `id` int(11) NOT NULL AUTO_INCREMENT, AUTO_INCREMENT=10;
COMMIT;

/*!40101 SET CHARACTER_SET_CLIENT=@OLD_CHARACTER_SET_CLIENT */;
/*!40101 SET CHARACTER_SET_RESULTS=@OLD_CHARACTER_SET_RESULTS */;
/*!40101 SET COLLATION_CONNECTION=@OLD_COLLATION_CONNECTION */;
